Unnamed: 0,num_page,text,width,height,area,chars,char_size,pos_x,pos_y,aspect,layout,x0,x1,y0,y1,assureur
0,1,Allianz  ,0.250420175,0.03087887,0.0077326920292022,9,0.0008591880032446,0.1806722725,0.112826605,8.10975838817936,h,0.055462185,0.30588236,0.09738717,0.098574825,allianz-1-to-94
1,1,ALLIANZ VIE ,0.117647065,0.01068882,0.0012575083013133,12,0.0001047923584427,0.1142857175,0.2155581899999999,11.006553108762224,h,0.055462185,0.17310925,0.21021378,0.21021378,allianz-1-to-94
